column_num,donor_id,donor_name,age,gender,structure_id,structure_acronym,structure_name
1,13058,H376.IIA.51,"8 pcw",M,10665,"URL","upper (rostral) rhombic lip"
2,13058,H376.IIA.51,"8 pcw",M,10185,"VFC","ventrolateral prefrontal cortex"
3,13058,H376.IIA.51,"8 pcw",M,10173,"DFC","dorsolateral prefrontal cortex"
4,13058,H376.IIA.51,"8 pcw",M,10551,"LGE","lateral ganglionic eminence"
5,13058,H376.IIA.51,"8 pcw",M,10252,"ITC","inferolateral temporal cortex (area TEv, area 20)"
6,13058,H376.IIA.51,"8 pcw",M,10243,"STC","posterior (caudal) superior temporal cortex (area TAc)"
7,13058,H376.IIA.51,"8 pcw",M,10361,"AMY","amygdaloid complex"
8,13058,H376.IIA.51,"8 pcw",M,10278,"MFC","anterior (rostral) cingulate (medial prefrontal) cortex"
9,13058,H376.IIA.51,"8 pcw",M,10294,"HIP","hippocampus (hippocampal formation)"
10,13058,H376.IIA.51,"8 pcw",M,10552,"CGE","caudal ganglionic eminence"
11,13058,H376.IIA.51,"8 pcw",M,10268,"Ocx","occipital neocortex"
12,13058,H376.IIA.51,"8 pcw",M,10391,"DTH","dorsal thalamus"
13,13058,H376.IIA.51,"8 pcw",M,10291,"M1C-S1C","primary motor-sensory cortex (samples)"
14,13058,H376.IIA.51,"8 pcw",M,10550,"MGE","medial ganglionic eminence"
15,13058,H376.IIA.51,"8 pcw",M,10194,"OFC","orbital frontal cortex"
16,13058,H376.IIA.51,"8 pcw",M,10208,"PCx","parietal neocortex"
17,12833,H376.IIA.50,"9 pcw",M,10194,"OFC","orbital frontal cortex"
18,12833,H376.IIA.50,"9 pcw",M,10550,"MGE","medial ganglionic eminence"
19,12833,H376.IIA.50,"9 pcw",M,10173,"DFC","dorsolateral prefrontal cortex"
20,12833,H376.IIA.50,"9 pcw",M,10291,"M1C-S1C","primary motor-sensory cortex (samples)"
21,12833,H376.IIA.50,"9 pcw",M,10294,"HIP","hippocampus (hippocampal formation)"
22,12833,H376.IIA.50,"9 pcw",M,10665,"URL","upper (rostral) rhombic lip"
23,12833,H376.IIA.50,"9 pcw",M,10551,"LGE","lateral ganglionic eminence"
24,12833,H376.IIA.50,"9 pcw",M,10208,"PCx","parietal neocortex"
25,12833,H376.IIA.50,"9 pcw",M,10278,"MFC","anterior (rostral) cingulate (medial prefrontal) cortex"
26,12833,H376.IIA.50,"9 pcw",M,10361,"AMY","amygdaloid complex"
27,12833,H376.IIA.50,"9 pcw",M,10235,"TCx","temporal neocortex"
28,12833,H376.IIA.50,"9 pcw",M,10552,"CGE","caudal ganglionic eminence"
29,12833,H376.IIA.50,"9 pcw",M,10268,"Ocx","occipital neocortex"
30,12833,H376.IIA.50,"9 pcw",M,10391,"DTH","dorsal thalamus"
31,12835,H376.IIB.50,"12 pcw",F,10185,"VFC","ventrolateral prefrontal cortex"
32,12835,H376.IIB.50,"12 pcw",F,10163,"M1C","primary motor cortex (area M1, area 4)"
33,12835,H376.IIB.50,"12 pcw",F,10333,"STR","striatum"
34,12835,H376.IIB.50,"12 pcw",F,10252,"ITC","inferolateral temporal cortex (area TEv, area 20)"
35,12835,H376.IIB.50,"12 pcw",F,10225,"IPC","posteroventral (inferior) parietal cortex"
36,12835,H376.IIB.50,"12 pcw",F,10278,"MFC","anterior (rostral) cingulate (medial prefrontal) cortex"
37,12835,H376.IIB.50,"12 pcw",F,10294,"HIP","hippocampus (hippocampal formation)"
38,12835,H376.IIB.50,"12 pcw",F,10243,"STC","posterior (caudal) superior temporal cortex (area TAc)"
39,12835,H376.IIB.50,"12 pcw",F,10361,"AMY","amygdaloid complex"
40,12835,H376.IIB.50,"12 pcw",F,10236,"A1C","primary auditory cortex (core)"
41,12835,H376.IIB.50,"12 pcw",F,10269,"V1C","primary visual cortex (striate cortex, area V1/17)"
42,12835,H376.IIB.50,"12 pcw",F,10194,"OFC","orbital frontal cortex"
43,12835,H376.IIB.50,"12 pcw",F,10173,"DFC","dorsolateral prefrontal cortex"
44,12835,H376.IIB.50,"12 pcw",F,10209,"S1C","primary somatosensory cortex (area S1, areas 3,1,2)"
45,12960,H376.IIB.51,"12 pcw",F,10333,"STR","striatum"
46,12960,H376.IIB.51,"12 pcw",F,10252,"ITC","inferolateral temporal cortex (area TEv, area 20)"
47,12960,H376.IIB.51,"12 pcw",F,10278,"MFC","anterior (rostral) cingulate (medial prefrontal) cortex"
48,12960,H376.IIB.51,"12 pcw",F,10243,"STC","posterior (caudal) superior temporal cortex (area TAc)"
49,12960,H376.IIB.51,"12 pcw",F,10361,"AMY","amygdaloid complex"
50,12960,H376.IIB.51,"12 pcw",F,10391,"DTH","dorsal thalamus"
51,12960,H376.IIB.51,"12 pcw",F,10194,"OFC","orbital frontal cortex"
52,12960,H376.IIB.51,"12 pcw",F,10236,"A1C","primary auditory cortex (core)"
53,12960,H376.IIB.51,"12 pcw",F,10173,"DFC","dorsolateral prefrontal cortex"
54,12960,H376.IIB.51,"12 pcw",F,10225,"IPC","posteroventral (inferior) parietal cortex"
55,12960,H376.IIB.51,"12 pcw",F,10269,"V1C","primary visual cortex (striate cortex, area V1/17)"
56,12960,H376.IIB.51,"12 pcw",F,10294,"HIP","hippocampus (hippocampal formation)"
57,12960,H376.IIB.51,"12 pcw",F,10209,"S1C","primary somatosensory cortex (area S1, areas 3,1,2)"
58,12960,H376.IIB.51,"12 pcw",F,10185,"VFC","ventrolateral prefrontal cortex"
59,12960,H376.IIB.51,"12 pcw",F,10656,"CB","cerebellum"
60,12960,H376.IIB.51,"12 pcw",F,10163,"M1C","primary motor cortex (area M1, area 4)"
61,13060,H376.IIB.52,"12 pcw",F,10236,"A1C","primary auditory cortex (core)"
62,13060,H376.IIB.52,"12 pcw",F,10194,"OFC","orbital frontal cortex"
63,13060,H376.IIB.52,"12 pcw",F,10173,"DFC","dorsolateral prefrontal cortex"
64,13060,H376.IIB.52,"12 pcw",F,10209,"S1C","primary somatosensory cortex (area S1, areas 3,1,2)"
65,13060,H376.IIB.52,"12 pcw",F,10185,"VFC","ventrolateral prefrontal cortex"
66,13060,H376.IIB.52,"12 pcw",F,10163,"M1C","primary motor cortex (area M1, area 4)"
67,13060,H376.IIB.52,"12 pcw",F,10252,"ITC","inferolateral temporal cortex (area TEv, area 20)"
68,13060,H376.IIB.52,"12 pcw",F,10225,"IPC","posteroventral (inferior) parietal cortex"
69,13060,H376.IIB.52,"12 pcw",F,10278,"MFC","anterior (rostral) cingulate (medial prefrontal) cortex"
70,13060,H376.IIB.52,"12 pcw",F,10294,"HIP","hippocampus (hippocampal formation)"
71,12820,H376.IIIA.50,"13 pcw",M,10243,"STC","posterior (caudal) superior temporal cortex (area TAc)"
72,12820,H376.IIIA.50,"13 pcw",M,10361,"AMY","amygdaloid complex"
73,12820,H376.IIIA.50,"13 pcw",M,10294,"HIP","hippocampus (hippocampal formation)"
74,12820,H376.IIIA.50,"13 pcw",M,10209,"S1C","primary somatosensory cortex (area S1, areas 3,1,2)"
75,12820,H376.IIIA.50,"13 pcw",M,10194,"OFC","orbital frontal cortex"
76,12820,H376.IIIA.50,"13 pcw",M,10236,"A1C","primary auditory cortex (core)"
77,12820,H376.IIIA.50,"13 pcw",M,10173,"DFC","dorsolateral prefrontal cortex"
78,12820,H376.IIIA.50,"13 pcw",M,10225,"IPC","posteroventral (inferior) parietal cortex"
79,12820,H376.IIIA.50,"13 pcw",M,10269,"V1C","primary visual cortex (striate cortex, area V1/17)"
80,12820,H376.IIIA.50,"13 pcw",M,10185,"VFC","ventrolateral prefrontal cortex"
81,12820,H376.IIIA.50,"13 pcw",M,10163,"M1C","primary motor cortex (area M1, area 4)"
82,12820,H376.IIIA.50,"13 pcw",M,10333,"STR","striatum"
83,12820,H376.IIIA.50,"13 pcw",M,10252,"ITC","inferolateral temporal cortex (area TEv, area 20)"
84,12820,H376.IIIA.50,"13 pcw",M,10278,"MFC","anterior (rostral) cingulate (medial prefrontal) cortex"
85,12834,H376.IIIA.51,"13 pcw",F,10656,"CB","cerebellum"
86,12834,H376.IIIA.51,"13 pcw",F,10333,"STR","striatum"
87,12834,H376.IIIA.51,"13 pcw",F,10252,"ITC","inferolateral temporal cortex (area TEv, area 20)"
88,12834,H376.IIIA.51,"13 pcw",F,10243,"STC","posterior (caudal) superior temporal cortex (area TAc)"
89,12834,H376.IIIA.51,"13 pcw",F,10361,"AMY","amygdaloid complex"
90,12834,H376.IIIA.51,"13 pcw",F,10236,"A1C","primary auditory cortex (core)"
91,12834,H376.IIIA.51,"13 pcw",F,10194,"OFC","orbital frontal cortex"
92,12834,H376.IIIA.51,"13 pcw",F,10269,"V1C","primary visual cortex (striate cortex, area V1/17)"
93,12834,H376.IIIA.51,"13 pcw",F,10225,"IPC","posteroventral (inferior) parietal cortex"
94,12834,H376.IIIA.51,"13 pcw",F,10398,"MD","mediodorsal nucleus of thalamus"
95,12834,H376.IIIA.51,"13 pcw",F,10173,"DFC","dorsolateral prefrontal cortex"
96,12834,H376.IIIA.51,"13 pcw",F,10278,"MFC","anterior (rostral) cingulate (medial prefrontal) cortex"
97,12834,H376.IIIA.51,"13 pcw",F,10294,"HIP","hippocampus (hippocampal formation)"
98,12834,H376.IIIA.51,"13 pcw",F,10209,"S1C","primary somatosensory cortex (area S1, areas 3,1,2)"
99,12834,H376.IIIA.51,"13 pcw",F,10185,"VFC","ventrolateral prefrontal cortex"
100,12834,H376.IIIA.51,"13 pcw",F,10163,"M1C","primary motor cortex (area M1, area 4)"
101,12888,H376.IIIA.52,"13 pcw",M,10236,"A1C","primary auditory cortex (core)"
102,12888,H376.IIIA.52,"13 pcw",M,10225,"IPC","posteroventral (inferior) parietal cortex"
103,12888,H376.IIIA.52,"13 pcw",M,10269,"V1C","primary visual cortex (striate cortex, area V1/17)"
104,12888,H376.IIIA.52,"13 pcw",M,10252,"ITC","inferolateral temporal cortex (area TEv, area 20)"
105,12888,H376.IIIA.52,"13 pcw",M,10361,"AMY","amygdaloid complex"
106,12888,H376.IIIA.52,"13 pcw",M,10278,"MFC","anterior (rostral) cingulate (medial prefrontal) cortex"
107,12888,H376.IIIA.52,"13 pcw",M,10294,"HIP","hippocampus (hippocampal formation)"
108,12888,H376.IIIA.52,"13 pcw",M,10194,"OFC","orbital frontal cortex"
109,12888,H376.IIIA.52,"13 pcw",M,10173,"DFC","dorsolateral prefrontal cortex"
110,12888,H376.IIIA.52,"13 pcw",M,10209,"S1C","primary somatosensory cortex (area S1, areas 3,1,2)"
111,12888,H376.IIIA.52,"13 pcw",M,10185,"VFC","ventrolateral prefrontal cortex"
112,12888,H376.IIIA.52,"13 pcw",M,10163,"M1C","primary motor cortex (area M1, area 4)"
113,12888,H376.IIIA.52,"13 pcw",M,10656,"CB","cerebellum"
114,12888,H376.IIIA.52,"13 pcw",M,10333,"STR","striatum"
115,12287,H376.IIIB.50,"16 pcw",M,10291,"M1C-S1C","primary motor-sensory cortex (samples)"
116,12287,H376.IIIB.50,"16 pcw",M,10236,"A1C","primary auditory cortex (core)"
117,12287,H376.IIIB.50,"16 pcw",M,10225,"IPC","posteroventral (inferior) parietal cortex"
118,12287,H376.IIIB.50,"16 pcw",M,10269,"V1C","primary visual cortex (striate cortex, area V1/17)"
119,12287,H376.IIIB.50,"16 pcw",M,10398,"MD","mediodorsal nucleus of thalamus"
120,12287,H376.IIIB.50,"16 pcw",M,10185,"VFC","ventrolateral prefrontal cortex"
121,12287,H376.IIIB.50,"16 pcw",M,10173,"DFC","dorsolateral prefrontal cortex"
122,12287,H376.IIIB.50,"16 pcw",M,10243,"STC","posterior (caudal) superior temporal cortex (area TAc)"
123,12287,H376.IIIB.50,"16 pcw",M,10278,"MFC","anterior (rostral) cingulate (medial prefrontal) cortex"
124,12287,H376.IIIB.50,"16 pcw",M,10294,"HIP","hippocampus (hippocampal formation)"
125,12287,H376.IIIB.50,"16 pcw",M,10333,"STR","striatum"
126,12837,H376.IIIB.51,"16 pcw",M,10209,"S1C","primary somatosensory cortex (area S1, areas 3,1,2)"
127,12837,H376.IIIB.51,"16 pcw",M,10185,"VFC","ventrolateral prefrontal cortex"
128,12837,H376.IIIB.51,"16 pcw",M,10163,"M1C","primary motor cortex (area M1, area 4)"
129,12837,H376.IIIB.51,"16 pcw",M,10333,"STR","striatum"
130,12837,H376.IIIB.51,"16 pcw",M,10252,"ITC","inferolateral temporal cortex (area TEv, area 20)"
131,12837,H376.IIIB.51,"16 pcw",M,10243,"STC","posterior (caudal) superior temporal cortex (area TAc)"
132,12837,H376.IIIB.51,"16 pcw",M,10361,"AMY","amygdaloid complex"
133,12837,H376.IIIB.51,"16 pcw",M,10278,"MFC","anterior (rostral) cingulate (medial prefrontal) cortex"
134,12837,H376.IIIB.51,"16 pcw",M,10398,"MD","mediodorsal nucleus of thalamus"
135,12837,H376.IIIB.51,"16 pcw",M,10236,"A1C","primary auditory cortex (core)"
136,12837,H376.IIIB.51,"16 pcw",M,10194,"OFC","orbital frontal cortex"
137,12837,H376.IIIB.51,"16 pcw",M,10173,"DFC","dorsolateral prefrontal cortex"
138,12837,H376.IIIB.51,"16 pcw",M,10269,"V1C","primary visual cortex (striate cortex, area V1/17)"
139,12837,H376.IIIB.51,"16 pcw",M,10657,"CBC","cerebellar cortex"
140,12837,H376.IIIB.51,"16 pcw",M,10225,"IPC","posteroventral (inferior) parietal cortex"
141,12837,H376.IIIB.51,"16 pcw",M,10294,"HIP","hippocampus (hippocampal formation)"
142,12879,H376.IIIB.52,"16 pcw",M,10225,"IPC","posteroventral (inferior) parietal cortex"
143,12879,H376.IIIB.52,"16 pcw",M,10236,"A1C","primary auditory cortex (core)"
144,12879,H376.IIIB.52,"16 pcw",M,10173,"DFC","dorsolateral prefrontal cortex"
145,12879,H376.IIIB.52,"16 pcw",M,10269,"V1C","primary visual cortex (striate cortex, area V1/17)"
146,12879,H376.IIIB.52,"16 pcw",M,10398,"MD","mediodorsal nucleus of thalamus"
147,12879,H376.IIIB.52,"16 pcw",M,10185,"VFC","ventrolateral prefrontal cortex"
148,12879,H376.IIIB.52,"16 pcw",M,10333,"STR","striatum"
149,12879,H376.IIIB.52,"16 pcw",M,10291,"M1C-S1C","primary motor-sensory cortex (samples)"
150,12879,H376.IIIB.52,"16 pcw",M,10252,"ITC","inferolateral temporal cortex (area TEv, area 20)"
151,12879,H376.IIIB.52,"16 pcw",M,10243,"STC","posterior (caudal) superior temporal cortex (area TAc)"
152,12879,H376.IIIB.52,"16 pcw",M,10361,"AMY","amygdaloid complex"
153,12879,H376.IIIB.52,"16 pcw",M,10278,"MFC","anterior (rostral) cingulate (medial prefrontal) cortex"
154,12879,H376.IIIB.52,"16 pcw",M,10294,"HIP","hippocampus (hippocampal formation)"
155,12880,H376.IIIB.53,"17 pcw",F,10236,"A1C","primary auditory cortex (core)"
156,12880,H376.IIIB.53,"17 pcw",F,10225,"IPC","posteroventral (inferior) parietal cortex"
157,12880,H376.IIIB.53,"17 pcw",F,10173,"DFC","dorsolateral prefrontal cortex"
158,12880,H376.IIIB.53,"17 pcw",F,10269,"V1C","primary visual cortex (striate cortex, area V1/17)"
159,12880,H376.IIIB.53,"17 pcw",F,10185,"VFC","ventrolateral prefrontal cortex"
160,12880,H376.IIIB.53,"17 pcw",F,10333,"STR","striatum"
161,12880,H376.IIIB.53,"17 pcw",F,10278,"MFC","anterior (rostral) cingulate (medial prefrontal) cortex"
162,12880,H376.IIIB.53,"17 pcw",F,10657,"CBC","cerebellar cortex"
163,12880,H376.IIIB.53,"17 pcw",F,10243,"STC","posterior (caudal) superior temporal cortex (area TAc)"
164,12880,H376.IIIB.53,"17 pcw",F,10361,"AMY","amygdaloid complex"
165,12880,H376.IIIB.53,"17 pcw",F,10294,"HIP","hippocampus (hippocampal formation)"
166,12880,H376.IIIB.53,"17 pcw",F,10398,"MD","mediodorsal nucleus of thalamus"
167,12880,H376.IIIB.53,"17 pcw",F,10291,"M1C-S1C","primary motor-sensory cortex (samples)"
168,12880,H376.IIIB.53,"17 pcw",F,10194,"OFC","orbital frontal cortex"
169,12885,H376.IV.53,"19 pcw",F,10236,"A1C","primary auditory cortex (core)"
170,12885,H376.IV.53,"19 pcw",F,10269,"V1C","primary visual cortex (striate cortex, area V1/17)"
171,12885,H376.IV.53,"19 pcw",F,10291,"M1C-S1C","primary motor-sensory cortex (samples)"
172,12885,H376.IV.53,"19 pcw",F,10173,"DFC","dorsolateral prefrontal cortex"
173,12885,H376.IV.53,"19 pcw",F,10185,"VFC","ventrolateral prefrontal cortex"
174,12885,H376.IV.53,"19 pcw",F,10398,"MD","mediodorsal nucleus of thalamus"
175,12885,H376.IV.53,"19 pcw",F,10333,"STR","striatum"
176,12885,H376.IV.53,"19 pcw",F,10225,"IPC","posteroventral (inferior) parietal cortex"
177,12885,H376.IV.53,"19 pcw",F,10278,"MFC","anterior (rostral) cingulate (medial prefrontal) cortex"
178,12885,H376.IV.53,"19 pcw",F,10294,"HIP","hippocampus (hippocampal formation)"
179,12885,H376.IV.53,"19 pcw",F,10243,"STC","posterior (caudal) superior temporal cortex (area TAc)"
180,12365,H376.IV.51,"21 pcw",F,10278,"MFC","anterior (rostral) cingulate (medial prefrontal) cortex"
181,12365,H376.IV.51,"21 pcw",F,10294,"HIP","hippocampus (hippocampal formation)"
182,12365,H376.IV.51,"21 pcw",F,10398,"MD","mediodorsal nucleus of thalamus"
183,12365,H376.IV.51,"21 pcw",F,10333,"STR","striatum"
184,12365,H376.IV.51,"21 pcw",F,10236,"A1C","primary auditory cortex (core)"
185,12365,H376.IV.51,"21 pcw",F,10225,"IPC","posteroventral (inferior) parietal cortex"
186,12365,H376.IV.51,"21 pcw",F,10269,"V1C","primary visual cortex (striate cortex, area V1/17)"
187,12365,H376.IV.51,"21 pcw",F,10194,"OFC","orbital frontal cortex"
188,12365,H376.IV.51,"21 pcw",F,10657,"CBC","cerebellar cortex"
189,12365,H376.IV.51,"21 pcw",F,10243,"STC","posterior (caudal) superior temporal cortex (area TAc)"
190,12365,H376.IV.51,"21 pcw",F,10361,"AMY","amygdaloid complex"
191,12365,H376.IV.51,"21 pcw",F,10209,"S1C","primary somatosensory cortex (area S1, areas 3,1,2)"
192,12365,H376.IV.51,"21 pcw",F,10185,"VFC","ventrolateral prefrontal cortex"
193,12365,H376.IV.51,"21 pcw",F,10163,"M1C","primary motor cortex (area M1, area 4)"
194,12365,H376.IV.51,"21 pcw",F,10173,"DFC","dorsolateral prefrontal cortex"
195,12365,H376.IV.51,"21 pcw",F,10252,"ITC","inferolateral temporal cortex (area TEv, area 20)"
196,12886,H376.IV.54,"21 pcw",M,10294,"HIP","hippocampus (hippocampal formation)"
197,12886,H376.IV.54,"21 pcw",M,10209,"S1C","primary somatosensory cortex (area S1, areas 3,1,2)"
198,12886,H376.IV.54,"21 pcw",M,10194,"OFC","orbital frontal cortex"
199,12886,H376.IV.54,"21 pcw",M,10173,"DFC","dorsolateral prefrontal cortex"
200,12886,H376.IV.54,"21 pcw",M,10252,"ITC","inferolateral temporal cortex (area TEv, area 20)"
201,12886,H376.IV.54,"21 pcw",M,10243,"STC","posterior (caudal) superior temporal cortex (area TAc)"
202,12886,H376.IV.54,"21 pcw",M,10361,"AMY","amygdaloid complex"
203,12886,H376.IV.54,"21 pcw",M,10185,"VFC","ventrolateral prefrontal cortex"
204,12886,H376.IV.54,"21 pcw",M,10163,"M1C","primary motor cortex (area M1, area 4)"
205,12886,H376.IV.54,"21 pcw",M,10333,"STR","striatum"
206,12886,H376.IV.54,"21 pcw",M,10225,"IPC","posteroventral (inferior) parietal cortex"
207,12886,H376.IV.54,"21 pcw",M,10269,"V1C","primary visual cortex (striate cortex, area V1/17)"
208,12886,H376.IV.54,"21 pcw",M,10657,"CBC","cerebellar cortex"
209,12886,H376.IV.54,"21 pcw",M,10398,"MD","mediodorsal nucleus of thalamus"
210,12886,H376.IV.54,"21 pcw",M,10278,"MFC","anterior (rostral) cingulate (medial prefrontal) cortex"
211,12288,H376.IV.50,"24 pcw",M,10163,"M1C","primary motor cortex (area M1, area 4)"
212,12288,H376.IV.50,"24 pcw",M,10236,"A1C","primary auditory cortex (core)"
213,12288,H376.IV.50,"24 pcw",M,10225,"IPC","posteroventral (inferior) parietal cortex"
214,12288,H376.IV.50,"24 pcw",M,10173,"DFC","dorsolateral prefrontal cortex"
215,12288,H376.IV.50,"24 pcw",M,10269,"V1C","primary visual cortex (striate cortex, area V1/17)"
216,12288,H376.IV.50,"24 pcw",M,10194,"OFC","orbital frontal cortex"
217,12288,H376.IV.50,"24 pcw",M,10657,"CBC","cerebellar cortex"
218,12288,H376.IV.50,"24 pcw",M,10278,"MFC","anterior (rostral) cingulate (medial prefrontal) cortex"
219,12288,H376.IV.50,"24 pcw",M,10294,"HIP","hippocampus (hippocampal formation)"
220,12288,H376.IV.50,"24 pcw",M,10209,"S1C","primary somatosensory cortex (area S1, areas 3,1,2)"
221,12288,H376.IV.50,"24 pcw",M,10333,"STR","striatum"
222,12288,H376.IV.50,"24 pcw",M,10252,"ITC","inferolateral temporal cortex (area TEv, area 20)"
223,12288,H376.IV.50,"24 pcw",M,10398,"MD","mediodorsal nucleus of thalamus"
224,12288,H376.IV.50,"24 pcw",M,10243,"STC","posterior (caudal) superior temporal cortex (area TAc)"
225,12288,H376.IV.50,"24 pcw",M,10361,"AMY","amygdaloid complex"
226,12288,H376.IV.50,"24 pcw",M,10185,"VFC","ventrolateral prefrontal cortex"
227,12948,H376.V.51,"25 pcw",F,10243,"STC","posterior (caudal) superior temporal cortex (area TAc)"
228,12948,H376.V.51,"25 pcw",F,10236,"A1C","primary auditory cortex (core)"
229,12949,H376.V.52,"26 pcw",F,10173,"DFC","dorsolateral prefrontal cortex"
230,12949,H376.V.52,"26 pcw",F,10269,"V1C","primary visual cortex (striate cortex, area V1/17)"
231,12949,H376.V.52,"26 pcw",F,10657,"CBC","cerebellar cortex"
232,12949,H376.V.52,"26 pcw",F,10243,"STC","posterior (caudal) superior temporal cortex (area TAc)"
233,12949,H376.V.52,"26 pcw",F,10361,"AMY","amygdaloid complex"
234,12296,H376.VI.50,"4 mos",M,10269,"V1C","primary visual cortex (striate cortex, area V1/17)"
235,12296,H376.VI.50,"4 mos",M,10252,"ITC","inferolateral temporal cortex (area TEv, area 20)"
236,12296,H376.VI.50,"4 mos",M,10657,"CBC","cerebellar cortex"
237,12296,H376.VI.50,"4 mos",M,10225,"IPC","posteroventral (inferior) parietal cortex"
238,12296,H376.VI.50,"4 mos",M,10278,"MFC","anterior (rostral) cingulate (medial prefrontal) cortex"
239,12296,H376.VI.50,"4 mos",M,10294,"HIP","hippocampus (hippocampal formation)"
240,12296,H376.VI.50,"4 mos",M,10243,"STC","posterior (caudal) superior temporal cortex (area TAc)"
241,12296,H376.VI.50,"4 mos",M,10209,"S1C","primary somatosensory cortex (area S1, areas 3,1,2)"
242,12296,H376.VI.50,"4 mos",M,10185,"VFC","ventrolateral prefrontal cortex"
243,12296,H376.VI.50,"4 mos",M,10398,"MD","mediodorsal nucleus of thalamus"
244,12296,H376.VI.50,"4 mos",M,10163,"M1C","primary motor cortex (area M1, area 4)"
245,12296,H376.VI.50,"4 mos",M,10194,"OFC","orbital frontal cortex"
246,12296,H376.VI.50,"4 mos",M,10173,"DFC","dorsolateral prefrontal cortex"
247,12296,H376.VI.50,"4 mos",M,10361,"AMY","amygdaloid complex"
248,12296,H376.VI.50,"4 mos",M,10236,"A1C","primary auditory cortex (core)"
249,12296,H376.VI.50,"4 mos",M,10333,"STR","striatum"
250,12890,H376.VI.52,"4 mos",M,10185,"VFC","ventrolateral prefrontal cortex"
251,12890,H376.VI.52,"4 mos",M,10163,"M1C","primary motor cortex (area M1, area 4)"
252,12890,H376.VI.52,"4 mos",M,10398,"MD","mediodorsal nucleus of thalamus"
253,12890,H376.VI.52,"4 mos",M,10333,"STR","striatum"
254,12890,H376.VI.52,"4 mos",M,10252,"ITC","inferolateral temporal cortex (area TEv, area 20)"
255,12890,H376.VI.52,"4 mos",M,10657,"CBC","cerebellar cortex"
256,12890,H376.VI.52,"4 mos",M,10243,"STC","posterior (caudal) superior temporal cortex (area TAc)"
257,12890,H376.VI.52,"4 mos",M,10361,"AMY","amygdaloid complex"
258,12890,H376.VI.52,"4 mos",M,10278,"MFC","anterior (rostral) cingulate (medial prefrontal) cortex"
259,12890,H376.VI.52,"4 mos",M,10294,"HIP","hippocampus (hippocampal formation)"
260,12890,H376.VI.52,"4 mos",M,10209,"S1C","primary somatosensory cortex (area S1, areas 3,1,2)"
261,12890,H376.VI.52,"4 mos",M,10194,"OFC","orbital frontal cortex"
262,12890,H376.VI.52,"4 mos",M,10236,"A1C","primary auditory cortex (core)"
263,12890,H376.VI.52,"4 mos",M,10225,"IPC","posteroventral (inferior) parietal cortex"
264,12890,H376.VI.52,"4 mos",M,10173,"DFC","dorsolateral prefrontal cortex"
265,12890,H376.VI.52,"4 mos",M,10269,"V1C","primary visual cortex (striate cortex, area V1/17)"
266,12297,H376.VII.50,"6 mos",F,10194,"OFC","orbital frontal cortex"
267,12297,H376.VII.50,"6 mos",F,10173,"DFC","dorsolateral prefrontal cortex"
268,12297,H376.VII.50,"6 mos",F,10252,"ITC","inferolateral temporal cortex (area TEv, area 20)"
269,12297,H376.VII.50,"6 mos",F,10398,"MD","mediodorsal nucleus of thalamus"
270,12297,H376.VII.50,"6 mos",F,10243,"STC","posterior (caudal) superior temporal cortex (area TAc)"
271,12297,H376.VII.50,"6 mos",F,10361,"AMY","amygdaloid complex"
272,12297,H376.VII.50,"6 mos",F,10185,"VFC","ventrolateral prefrontal cortex"
273,12297,H376.VII.50,"6 mos",F,10163,"M1C","primary motor cortex (area M1, area 4)"
274,12297,H376.VII.50,"6 mos",F,10333,"STR","striatum"
275,12297,H376.VII.50,"6 mos",F,10236,"A1C","primary auditory cortex (core)"
276,12297,H376.VII.50,"6 mos",F,10225,"IPC","posteroventral (inferior) parietal cortex"
277,12297,H376.VII.50,"6 mos",F,10269,"V1C","primary visual cortex (striate cortex, area V1/17)"
278,12297,H376.VII.50,"6 mos",F,10657,"CBC","cerebellar cortex"
279,12297,H376.VII.50,"6 mos",F,10278,"MFC","anterior (rostral) cingulate (medial prefrontal) cortex"
280,12297,H376.VII.50,"6 mos",F,10294,"HIP","hippocampus (hippocampal formation)"
281,12297,H376.VII.50,"6 mos",F,10209,"S1C","primary somatosensory cortex (area S1, areas 3,1,2)"
282,12977,H376.VII.51,"10 mos",M,10269,"V1C","primary visual cortex (striate cortex, area V1/17)"
283,12977,H376.VII.51,"10 mos",M,10194,"OFC","orbital frontal cortex"
284,12977,H376.VII.51,"10 mos",M,10657,"CBC","cerebellar cortex"
285,12977,H376.VII.51,"10 mos",M,10278,"MFC","anterior (rostral) cingulate (medial prefrontal) cortex"
286,12977,H376.VII.51,"10 mos",M,10209,"S1C","primary somatosensory cortex (area S1, areas 3,1,2)"
287,12977,H376.VII.51,"10 mos",M,10173,"DFC","dorsolateral prefrontal cortex"
288,12977,H376.VII.51,"10 mos",M,10252,"ITC","inferolateral temporal cortex (area TEv, area 20)"
289,12977,H376.VII.51,"10 mos",M,10398,"MD","mediodorsal nucleus of thalamus"
290,12977,H376.VII.51,"10 mos",M,10185,"VFC","ventrolateral prefrontal cortex"
291,12830,H376.VIII.51,"1 yrs",F,10163,"M1C","primary motor cortex (area M1, area 4)"
292,12830,H376.VIII.51,"1 yrs",F,10194,"OFC","orbital frontal cortex"
293,12830,H376.VIII.51,"1 yrs",F,10173,"DFC","dorsolateral prefrontal cortex"
294,12830,H376.VIII.51,"1 yrs",F,10398,"MD","mediodorsal nucleus of thalamus"
295,12830,H376.VIII.51,"1 yrs",F,10252,"ITC","inferolateral temporal cortex (area TEv, area 20)"
296,12830,H376.VIII.51,"1 yrs",F,10361,"AMY","amygdaloid complex"
297,12830,H376.VIII.51,"1 yrs",F,10243,"STC","posterior (caudal) superior temporal cortex (area TAc)"
298,12830,H376.VIII.51,"1 yrs",F,10236,"A1C","primary auditory cortex (core)"
299,12830,H376.VIII.51,"1 yrs",F,10333,"STR","striatum"
300,12830,H376.VIII.51,"1 yrs",F,10269,"V1C","primary visual cortex (striate cortex, area V1/17)"
301,12830,H376.VIII.51,"1 yrs",F,10657,"CBC","cerebellar cortex"
302,12830,H376.VIII.51,"1 yrs",F,10225,"IPC","posteroventral (inferior) parietal cortex"
303,12830,H376.VIII.51,"1 yrs",F,10278,"MFC","anterior (rostral) cingulate (medial prefrontal) cortex"
304,12830,H376.VIII.51,"1 yrs",F,10294,"HIP","hippocampus (hippocampal formation)"
305,12830,H376.VIII.51,"1 yrs",F,10209,"S1C","primary somatosensory cortex (area S1, areas 3,1,2)"
306,12830,H376.VIII.51,"1 yrs",F,10185,"VFC","ventrolateral prefrontal cortex"
307,12979,H376.VIII.53,"2 yrs",F,10209,"S1C","primary somatosensory cortex (area S1, areas 3,1,2)"
308,12979,H376.VIII.53,"2 yrs",F,10185,"VFC","ventrolateral prefrontal cortex"
309,12979,H376.VIII.53,"2 yrs",F,10163,"M1C","primary motor cortex (area M1, area 4)"
310,12979,H376.VIII.53,"2 yrs",F,10333,"STR","striatum"
311,12979,H376.VIII.53,"2 yrs",F,10236,"A1C","primary auditory cortex (core)"
312,12979,H376.VIII.53,"2 yrs",F,10225,"IPC","posteroventral (inferior) parietal cortex"
313,12979,H376.VIII.53,"2 yrs",F,10269,"V1C","primary visual cortex (striate cortex, area V1/17)"
314,12979,H376.VIII.53,"2 yrs",F,10252,"ITC","inferolateral temporal cortex (area TEv, area 20)"
315,12979,H376.VIII.53,"2 yrs",F,10243,"STC","posterior (caudal) superior temporal cortex (area TAc)"
316,12979,H376.VIII.53,"2 yrs",F,10361,"AMY","amygdaloid complex"
317,12979,H376.VIII.53,"2 yrs",F,10278,"MFC","anterior (rostral) cingulate (medial prefrontal) cortex"
318,12979,H376.VIII.53,"2 yrs",F,10398,"MD","mediodorsal nucleus of thalamus"
319,12979,H376.VIII.53,"2 yrs",F,10294,"HIP","hippocampus (hippocampal formation)"
320,12979,H376.VIII.53,"2 yrs",F,10194,"OFC","orbital frontal cortex"
321,12979,H376.VIII.53,"2 yrs",F,10173,"DFC","dorsolateral prefrontal cortex"
322,12979,H376.VIII.53,"2 yrs",F,10657,"CBC","cerebellar cortex"
323,12836,H376.VIII.52,"3 yrs",F,10209,"S1C","primary somatosensory cortex (area S1, areas 3,1,2)"
324,12836,H376.VIII.52,"3 yrs",F,10185,"VFC","ventrolateral prefrontal cortex"
325,12836,H376.VIII.52,"3 yrs",F,10163,"M1C","primary motor cortex (area M1, area 4)"
326,12836,H376.VIII.52,"3 yrs",F,10252,"ITC","inferolateral temporal cortex (area TEv, area 20)"
327,12836,H376.VIII.52,"3 yrs",F,10294,"HIP","hippocampus (hippocampal formation)"
328,12836,H376.VIII.52,"3 yrs",F,10398,"MD","mediodorsal nucleus of thalamus"
329,12836,H376.VIII.52,"3 yrs",F,10333,"STR","striatum"
330,12836,H376.VIII.52,"3 yrs",F,10236,"A1C","primary auditory cortex (core)"
331,12836,H376.VIII.52,"3 yrs",F,10225,"IPC","posteroventral (inferior) parietal cortex"
332,12836,H376.VIII.52,"3 yrs",F,10269,"V1C","primary visual cortex (striate cortex, area V1/17)"
333,12836,H376.VIII.52,"3 yrs",F,10657,"CBC","cerebellar cortex"
334,12836,H376.VIII.52,"3 yrs",F,10243,"STC","posterior (caudal) superior temporal cortex (area TAc)"
335,12836,H376.VIII.52,"3 yrs",F,10361,"AMY","amygdaloid complex"
336,12980,H376.VIII.54,"3 yrs",M,10252,"ITC","inferolateral temporal cortex (area TEv, area 20)"
337,12980,H376.VIII.54,"3 yrs",M,10361,"AMY","amygdaloid complex"
338,12980,H376.VIII.54,"3 yrs",M,10236,"A1C","primary auditory cortex (core)"
339,12980,H376.VIII.54,"3 yrs",M,10269,"V1C","primary visual cortex (striate cortex, area V1/17)"
340,12980,H376.VIII.54,"3 yrs",M,10657,"CBC","cerebellar cortex"
341,12980,H376.VIII.54,"3 yrs",M,10225,"IPC","posteroventral (inferior) parietal cortex"
342,12980,H376.VIII.54,"3 yrs",M,10278,"MFC","anterior (rostral) cingulate (medial prefrontal) cortex"
343,12980,H376.VIII.54,"3 yrs",M,10294,"HIP","hippocampus (hippocampal formation)"
344,12980,H376.VIII.54,"3 yrs",M,10243,"STC","posterior (caudal) superior temporal cortex (area TAc)"
345,12980,H376.VIII.54,"3 yrs",M,10209,"S1C","primary somatosensory cortex (area S1, areas 3,1,2)"
346,12980,H376.VIII.54,"3 yrs",M,10185,"VFC","ventrolateral prefrontal cortex"
347,12980,H376.VIII.54,"3 yrs",M,10163,"M1C","primary motor cortex (area M1, area 4)"
348,12980,H376.VIII.54,"3 yrs",M,10194,"OFC","orbital frontal cortex"
349,12980,H376.VIII.54,"3 yrs",M,10173,"DFC","dorsolateral prefrontal cortex"
350,12298,H376.VIII.50,"4 yrs",M,10209,"S1C","primary somatosensory cortex (area S1, areas 3,1,2)"
351,12298,H376.VIII.50,"4 yrs",M,10236,"A1C","primary auditory cortex (core)"
352,12298,H376.VIII.50,"4 yrs",M,10185,"VFC","ventrolateral prefrontal cortex"
353,12298,H376.VIII.50,"4 yrs",M,10163,"M1C","primary motor cortex (area M1, area 4)"
354,12298,H376.VIII.50,"4 yrs",M,10194,"OFC","orbital frontal cortex"
355,12298,H376.VIII.50,"4 yrs",M,10173,"DFC","dorsolateral prefrontal cortex"
356,12298,H376.VIII.50,"4 yrs",M,10269,"V1C","primary visual cortex (striate cortex, area V1/17)"
357,12298,H376.VIII.50,"4 yrs",M,10333,"STR","striatum"
358,12298,H376.VIII.50,"4 yrs",M,10252,"ITC","inferolateral temporal cortex (area TEv, area 20)"
359,12298,H376.VIII.50,"4 yrs",M,10225,"IPC","posteroventral (inferior) parietal cortex"
360,12298,H376.VIII.50,"4 yrs",M,10398,"MD","mediodorsal nucleus of thalamus"
361,12298,H376.VIII.50,"4 yrs",M,10278,"MFC","anterior (rostral) cingulate (medial prefrontal) cortex"
362,12298,H376.VIII.50,"4 yrs",M,10657,"CBC","cerebellar cortex"
363,12298,H376.VIII.50,"4 yrs",M,10243,"STC","posterior (caudal) superior temporal cortex (area TAc)"
364,12298,H376.VIII.50,"4 yrs",M,10361,"AMY","amygdaloid complex"
365,12298,H376.VIII.50,"4 yrs",M,10294,"HIP","hippocampus (hippocampal formation)"
366,12841,H376.IX.51,"8 yrs",M,10398,"MD","mediodorsal nucleus of thalamus"
367,12841,H376.IX.51,"8 yrs",M,10185,"VFC","ventrolateral prefrontal cortex"
368,12841,H376.IX.51,"8 yrs",M,10163,"M1C","primary motor cortex (area M1, area 4)"
369,12841,H376.IX.51,"8 yrs",M,10333,"STR","striatum"
370,12841,H376.IX.51,"8 yrs",M,10657,"CBC","cerebellar cortex"
371,12841,H376.IX.51,"8 yrs",M,10243,"STC","posterior (caudal) superior temporal cortex (area TAc)"
372,12841,H376.IX.51,"8 yrs",M,10361,"AMY","amygdaloid complex"
373,12841,H376.IX.51,"8 yrs",M,10225,"IPC","posteroventral (inferior) parietal cortex"
374,12841,H376.IX.51,"8 yrs",M,10278,"MFC","anterior (rostral) cingulate (medial prefrontal) cortex"
375,12841,H376.IX.51,"8 yrs",M,10294,"HIP","hippocampus (hippocampal formation)"
376,12841,H376.IX.51,"8 yrs",M,10209,"S1C","primary somatosensory cortex (area S1, areas 3,1,2)"
377,12841,H376.IX.51,"8 yrs",M,10236,"A1C","primary auditory cortex (core)"
378,12841,H376.IX.51,"8 yrs",M,10269,"V1C","primary visual cortex (striate cortex, area V1/17)"
379,12841,H376.IX.51,"8 yrs",M,10194,"OFC","orbital frontal cortex"
380,12841,H376.IX.51,"8 yrs",M,10173,"DFC","dorsolateral prefrontal cortex"
381,12841,H376.IX.51,"8 yrs",M,10252,"ITC","inferolateral temporal cortex (area TEv, area 20)"
382,12981,H376.IX.52,"8 yrs",M,10194,"OFC","orbital frontal cortex"
383,12981,H376.IX.52,"8 yrs",M,10236,"A1C","primary auditory cortex (core)"
384,12981,H376.IX.52,"8 yrs",M,10225,"IPC","posteroventral (inferior) parietal cortex"
385,12981,H376.IX.52,"8 yrs",M,10173,"DFC","dorsolateral prefrontal cortex"
386,12981,H376.IX.52,"8 yrs",M,10269,"V1C","primary visual cortex (striate cortex, area V1/17)"
387,12981,H376.IX.52,"8 yrs",M,10657,"CBC","cerebellar cortex"
388,12981,H376.IX.52,"8 yrs",M,10294,"HIP","hippocampus (hippocampal formation)"
389,12981,H376.IX.52,"8 yrs",M,10252,"ITC","inferolateral temporal cortex (area TEv, area 20)"
390,12981,H376.IX.52,"8 yrs",M,10278,"MFC","anterior (rostral) cingulate (medial prefrontal) cortex"
391,12981,H376.IX.52,"8 yrs",M,10243,"STC","posterior (caudal) superior temporal cortex (area TAc)"
392,12981,H376.IX.52,"8 yrs",M,10361,"AMY","amygdaloid complex"
393,12981,H376.IX.52,"8 yrs",M,10185,"VFC","ventrolateral prefrontal cortex"
394,12289,H376.IX.50,"11 yrs",F,10163,"M1C","primary motor cortex (area M1, area 4)"
395,12289,H376.IX.50,"11 yrs",F,10252,"ITC","inferolateral temporal cortex (area TEv, area 20)"
396,12289,H376.IX.50,"11 yrs",F,10243,"STC","posterior (caudal) superior temporal cortex (area TAc)"
397,12289,H376.IX.50,"11 yrs",F,10361,"AMY","amygdaloid complex"
398,12289,H376.IX.50,"11 yrs",F,10236,"A1C","primary auditory cortex (core)"
399,12289,H376.IX.50,"11 yrs",F,10194,"OFC","orbital frontal cortex"
400,12289,H376.IX.50,"11 yrs",F,10269,"V1C","primary visual cortex (striate cortex, area V1/17)"
401,12289,H376.IX.50,"11 yrs",F,10657,"CBC","cerebellar cortex"
402,12289,H376.IX.50,"11 yrs",F,10225,"IPC","posteroventral (inferior) parietal cortex"
403,12289,H376.IX.50,"11 yrs",F,10173,"DFC","dorsolateral prefrontal cortex"
404,12289,H376.IX.50,"11 yrs",F,10278,"MFC","anterior (rostral) cingulate (medial prefrontal) cortex"
405,12289,H376.IX.50,"11 yrs",F,10294,"HIP","hippocampus (hippocampal formation)"
406,12289,H376.IX.50,"11 yrs",F,10209,"S1C","primary somatosensory cortex (area S1, areas 3,1,2)"
407,12289,H376.IX.50,"11 yrs",F,10185,"VFC","ventrolateral prefrontal cortex"
408,12831,H376.X.51,"13 yrs",F,10278,"MFC","anterior (rostral) cingulate (medial prefrontal) cortex"
409,12831,H376.X.51,"13 yrs",F,10243,"STC","posterior (caudal) superior temporal cortex (area TAc)"
410,12831,H376.X.51,"13 yrs",F,10361,"AMY","amygdaloid complex"
411,12831,H376.X.51,"13 yrs",F,10194,"OFC","orbital frontal cortex"
412,12831,H376.X.51,"13 yrs",F,10236,"A1C","primary auditory cortex (core)"
413,12831,H376.X.51,"13 yrs",F,10225,"IPC","posteroventral (inferior) parietal cortex"
414,12831,H376.X.51,"13 yrs",F,10173,"DFC","dorsolateral prefrontal cortex"
415,12831,H376.X.51,"13 yrs",F,10269,"V1C","primary visual cortex (striate cortex, area V1/17)"
416,12831,H376.X.51,"13 yrs",F,10294,"HIP","hippocampus (hippocampal formation)"
417,12831,H376.X.51,"13 yrs",F,10657,"CBC","cerebellar cortex"
418,12831,H376.X.51,"13 yrs",F,10209,"S1C","primary somatosensory cortex (area S1, areas 3,1,2)"
419,12831,H376.X.51,"13 yrs",F,10185,"VFC","ventrolateral prefrontal cortex"
420,12831,H376.X.51,"13 yrs",F,10163,"M1C","primary motor cortex (area M1, area 4)"
421,12831,H376.X.51,"13 yrs",F,10333,"STR","striatum"
422,12831,H376.X.51,"13 yrs",F,10252,"ITC","inferolateral temporal cortex (area TEv, area 20)"
423,12831,H376.X.51,"13 yrs",F,10398,"MD","mediodorsal nucleus of thalamus"
424,12299,H376.X.50,"15 yrs",M,10209,"S1C","primary somatosensory cortex (area S1, areas 3,1,2)"
425,12299,H376.X.50,"15 yrs",M,10173,"DFC","dorsolateral prefrontal cortex"
426,12299,H376.X.50,"15 yrs",M,10333,"STR","striatum"
427,12299,H376.X.50,"15 yrs",M,10252,"ITC","inferolateral temporal cortex (area TEv, area 20)"
428,12299,H376.X.50,"15 yrs",M,10398,"MD","mediodorsal nucleus of thalamus"
429,12299,H376.X.50,"15 yrs",M,10243,"STC","posterior (caudal) superior temporal cortex (area TAc)"
430,12299,H376.X.50,"15 yrs",M,10361,"AMY","amygdaloid complex"
431,12299,H376.X.50,"15 yrs",M,10185,"VFC","ventrolateral prefrontal cortex"
432,12299,H376.X.50,"15 yrs",M,10163,"M1C","primary motor cortex (area M1, area 4)"
433,12299,H376.X.50,"15 yrs",M,10236,"A1C","primary auditory cortex (core)"
434,12299,H376.X.50,"15 yrs",M,10225,"IPC","posteroventral (inferior) parietal cortex"
435,12299,H376.X.50,"15 yrs",M,10269,"V1C","primary visual cortex (striate cortex, area V1/17)"
436,12299,H376.X.50,"15 yrs",M,10194,"OFC","orbital frontal cortex"
437,12299,H376.X.50,"15 yrs",M,10657,"CBC","cerebellar cortex"
438,12299,H376.X.50,"15 yrs",M,10278,"MFC","anterior (rostral) cingulate (medial prefrontal) cortex"
439,12984,H376.X.53,"18 yrs",M,10173,"DFC","dorsolateral prefrontal cortex"
440,12984,H376.X.53,"18 yrs",M,10252,"ITC","inferolateral temporal cortex (area TEv, area 20)"
441,12984,H376.X.53,"18 yrs",M,10243,"STC","posterior (caudal) superior temporal cortex (area TAc)"
442,12984,H376.X.53,"18 yrs",M,10185,"VFC","ventrolateral prefrontal cortex"
443,12984,H376.X.53,"18 yrs",M,10163,"M1C","primary motor cortex (area M1, area 4)"
444,12984,H376.X.53,"18 yrs",M,10236,"A1C","primary auditory cortex (core)"
445,12984,H376.X.53,"18 yrs",M,10225,"IPC","posteroventral (inferior) parietal cortex"
446,12984,H376.X.53,"18 yrs",M,10269,"V1C","primary visual cortex (striate cortex, area V1/17)"
447,12984,H376.X.53,"18 yrs",M,10194,"OFC","orbital frontal cortex"
448,12984,H376.X.53,"18 yrs",M,10657,"CBC","cerebellar cortex"
449,12984,H376.X.53,"18 yrs",M,10278,"MFC","anterior (rostral) cingulate (medial prefrontal) cortex"
450,12984,H376.X.53,"18 yrs",M,10294,"HIP","hippocampus (hippocampal formation)"
451,12984,H376.X.53,"18 yrs",M,10209,"S1C","primary somatosensory cortex (area S1, areas 3,1,2)"
452,12832,H376.X.52,"19 yrs",F,10294,"HIP","hippocampus (hippocampal formation)"
453,12832,H376.X.52,"19 yrs",F,10194,"OFC","orbital frontal cortex"
454,12832,H376.X.52,"19 yrs",F,10173,"DFC","dorsolateral prefrontal cortex"
455,12832,H376.X.52,"19 yrs",F,10269,"V1C","primary visual cortex (striate cortex, area V1/17)"
456,12832,H376.X.52,"19 yrs",F,10657,"CBC","cerebellar cortex"
457,12832,H376.X.52,"19 yrs",F,10209,"S1C","primary somatosensory cortex (area S1, areas 3,1,2)"
458,12832,H376.X.52,"19 yrs",F,10185,"VFC","ventrolateral prefrontal cortex"
459,12832,H376.X.52,"19 yrs",F,10163,"M1C","primary motor cortex (area M1, area 4)"
460,12832,H376.X.52,"19 yrs",F,10361,"AMY","amygdaloid complex"
461,12832,H376.X.52,"19 yrs",F,10333,"STR","striatum"
462,12832,H376.X.52,"19 yrs",F,10236,"A1C","primary auditory cortex (core)"
463,12832,H376.X.52,"19 yrs",F,10225,"IPC","posteroventral (inferior) parietal cortex"
464,12832,H376.X.52,"19 yrs",F,10252,"ITC","inferolateral temporal cortex (area TEv, area 20)"
465,12832,H376.X.52,"19 yrs",F,10243,"STC","posterior (caudal) superior temporal cortex (area TAc)"
466,12832,H376.X.52,"19 yrs",F,10398,"MD","mediodorsal nucleus of thalamus"
467,12832,H376.X.52,"19 yrs",F,10278,"MFC","anterior (rostral) cingulate (medial prefrontal) cortex"
468,13057,H376.XI.60,"21 yrs",F,10185,"VFC","ventrolateral prefrontal cortex"
469,13057,H376.XI.60,"21 yrs",F,10163,"M1C","primary motor cortex (area M1, area 4)"
470,13057,H376.XI.60,"21 yrs",F,10333,"STR","striatum"
471,13057,H376.XI.60,"21 yrs",F,10194,"OFC","orbital frontal cortex"
472,13057,H376.XI.60,"21 yrs",F,10657,"CBC","cerebellar cortex"
473,13057,H376.XI.60,"21 yrs",F,10243,"STC","posterior (caudal) superior temporal cortex (area TAc)"
474,13057,H376.XI.60,"21 yrs",F,10361,"AMY","amygdaloid complex"
475,13057,H376.XI.60,"21 yrs",F,10225,"IPC","posteroventral (inferior) parietal cortex"
476,13057,H376.XI.60,"21 yrs",F,10294,"HIP","hippocampus (hippocampal formation)"
477,13057,H376.XI.60,"21 yrs",F,10209,"S1C","primary somatosensory cortex (area S1, areas 3,1,2)"
478,13057,H376.XI.60,"21 yrs",F,10398,"MD","mediodorsal nucleus of thalamus"
479,13057,H376.XI.60,"21 yrs",F,10236,"A1C","primary auditory cortex (core)"
480,13057,H376.XI.60,"21 yrs",F,10173,"DFC","dorsolateral prefrontal cortex"
481,13057,H376.XI.60,"21 yrs",F,10269,"V1C","primary visual cortex (striate cortex, area V1/17)"
482,13057,H376.XI.60,"21 yrs",F,10252,"ITC","inferolateral temporal cortex (area TEv, area 20)"
483,13057,H376.XI.60,"21 yrs",F,10278,"MFC","anterior (rostral) cingulate (medial prefrontal) cortex"
484,12300,H376.XI.50,"23 yrs",M,10278,"MFC","anterior (rostral) cingulate (medial prefrontal) cortex"
485,12300,H376.XI.50,"23 yrs",M,10294,"HIP","hippocampus (hippocampal formation)"
486,12300,H376.XI.50,"23 yrs",M,10209,"S1C","primary somatosensory cortex (area S1, areas 3,1,2)"
487,12300,H376.XI.50,"23 yrs",M,10185,"VFC","ventrolateral prefrontal cortex"
488,12300,H376.XI.50,"23 yrs",M,10163,"M1C","primary motor cortex (area M1, area 4)"
489,12300,H376.XI.50,"23 yrs",M,10194,"OFC","orbital frontal cortex"
490,12300,H376.XI.50,"23 yrs",M,10398,"MD","mediodorsal nucleus of thalamus"
491,12300,H376.XI.50,"23 yrs",M,10173,"DFC","dorsolateral prefrontal cortex"
492,12300,H376.XI.50,"23 yrs",M,10252,"ITC","inferolateral temporal cortex (area TEv, area 20)"
493,12300,H376.XI.50,"23 yrs",M,10361,"AMY","amygdaloid complex"
494,12300,H376.XI.50,"23 yrs",M,10243,"STC","posterior (caudal) superior temporal cortex (area TAc)"
495,12300,H376.XI.50,"23 yrs",M,10236,"A1C","primary auditory cortex (core)"
496,12300,H376.XI.50,"23 yrs",M,10333,"STR","striatum"
497,12300,H376.XI.50,"23 yrs",M,10269,"V1C","primary visual cortex (striate cortex, area V1/17)"
498,12300,H376.XI.50,"23 yrs",M,10657,"CBC","cerebellar cortex"
499,12300,H376.XI.50,"23 yrs",M,10225,"IPC","posteroventral (inferior) parietal cortex"
500,12290,H376.XI.52,"30 yrs",F,10209,"S1C","primary somatosensory cortex (area S1, areas 3,1,2)"
501,12290,H376.XI.52,"30 yrs",F,10333,"STR","striatum"
502,12290,H376.XI.52,"30 yrs",F,10236,"A1C","primary auditory cortex (core)"
503,12290,H376.XI.52,"30 yrs",F,10225,"IPC","posteroventral (inferior) parietal cortex"
504,12290,H376.XI.52,"30 yrs",F,10269,"V1C","primary visual cortex (striate cortex, area V1/17)"
505,12290,H376.XI.52,"30 yrs",F,10194,"OFC","orbital frontal cortex"
506,12290,H376.XI.52,"30 yrs",F,10185,"VFC","ventrolateral prefrontal cortex"
507,12290,H376.XI.52,"30 yrs",F,10163,"M1C","primary motor cortex (area M1, area 4)"
508,12290,H376.XI.52,"30 yrs",F,10173,"DFC","dorsolateral prefrontal cortex"
509,12290,H376.XI.52,"30 yrs",F,10252,"ITC","inferolateral temporal cortex (area TEv, area 20)"
510,12290,H376.XI.52,"30 yrs",F,10657,"CBC","cerebellar cortex"
511,12290,H376.XI.52,"30 yrs",F,10243,"STC","posterior (caudal) superior temporal cortex (area TAc)"
512,12290,H376.XI.52,"30 yrs",F,10361,"AMY","amygdaloid complex"
513,12290,H376.XI.52,"30 yrs",F,10278,"MFC","anterior (rostral) cingulate (medial prefrontal) cortex"
514,12290,H376.XI.52,"30 yrs",F,10398,"MD","mediodorsal nucleus of thalamus"
515,12290,H376.XI.52,"30 yrs",F,10294,"HIP","hippocampus (hippocampal formation)"
516,12302,H376.XI.53,"36 yrs",M,10185,"VFC","ventrolateral prefrontal cortex"
517,12302,H376.XI.53,"36 yrs",M,10163,"M1C","primary motor cortex (area M1, area 4)"
518,12302,H376.XI.53,"36 yrs",M,10333,"STR","striatum"
519,12302,H376.XI.53,"36 yrs",M,10194,"OFC","orbital frontal cortex"
520,12302,H376.XI.53,"36 yrs",M,10657,"CBC","cerebellar cortex"
521,12302,H376.XI.53,"36 yrs",M,10243,"STC","posterior (caudal) superior temporal cortex (area TAc)"
522,12302,H376.XI.53,"36 yrs",M,10361,"AMY","amygdaloid complex"
523,12302,H376.XI.53,"36 yrs",M,10225,"IPC","posteroventral (inferior) parietal cortex"
524,12302,H376.XI.53,"36 yrs",M,10278,"MFC","anterior (rostral) cingulate (medial prefrontal) cortex"
525,12302,H376.XI.53,"36 yrs",M,10294,"HIP","hippocampus (hippocampal formation)"
526,12302,H376.XI.53,"36 yrs",M,10209,"S1C","primary somatosensory cortex (area S1, areas 3,1,2)"
527,12302,H376.XI.53,"36 yrs",M,10236,"A1C","primary auditory cortex (core)"
528,12302,H376.XI.53,"36 yrs",M,10173,"DFC","dorsolateral prefrontal cortex"
529,12302,H376.XI.53,"36 yrs",M,10269,"V1C","primary visual cortex (striate cortex, area V1/17)"
530,12302,H376.XI.53,"36 yrs",M,10252,"ITC","inferolateral temporal cortex (area TEv, area 20)"
531,12302,H376.XI.53,"36 yrs",M,10398,"MD","mediodorsal nucleus of thalamus"
532,12303,H376.XI.54,"37 yrs",M,10269,"V1C","primary visual cortex (striate cortex, area V1/17)"
533,12303,H376.XI.54,"37 yrs",M,10194,"OFC","orbital frontal cortex"
534,12303,H376.XI.54,"37 yrs",M,10657,"CBC","cerebellar cortex"
535,12303,H376.XI.54,"37 yrs",M,10243,"STC","posterior (caudal) superior temporal cortex (area TAc)"
536,12303,H376.XI.54,"37 yrs",M,10361,"AMY","amygdaloid complex"
537,12303,H376.XI.54,"37 yrs",M,10209,"S1C","primary somatosensory cortex (area S1, areas 3,1,2)"
538,12303,H376.XI.54,"37 yrs",M,10185,"VFC","ventrolateral prefrontal cortex"
539,12303,H376.XI.54,"37 yrs",M,10398,"MD","mediodorsal nucleus of thalamus"
540,12303,H376.XI.54,"37 yrs",M,10163,"M1C","primary motor cortex (area M1, area 4)"
541,12303,H376.XI.54,"37 yrs",M,10173,"DFC","dorsolateral prefrontal cortex"
542,12303,H376.XI.54,"37 yrs",M,10252,"ITC","inferolateral temporal cortex (area TEv, area 20)"
543,12303,H376.XI.54,"37 yrs",M,10278,"MFC","anterior (rostral) cingulate (medial prefrontal) cortex"
544,12303,H376.XI.54,"37 yrs",M,10294,"HIP","hippocampus (hippocampal formation)"
545,12303,H376.XI.54,"37 yrs",M,10333,"STR","striatum"
546,12303,H376.XI.54,"37 yrs",M,10236,"A1C","primary auditory cortex (core)"
547,12303,H376.XI.54,"37 yrs",M,10225,"IPC","posteroventral (inferior) parietal cortex"
548,12291,H376.XI.55,"40 yrs",M,10294,"HIP","hippocampus (hippocampal formation)"
549,12291,H376.XI.55,"40 yrs",M,10209,"S1C","primary somatosensory cortex (area S1, areas 3,1,2)"
550,12291,H376.XI.55,"40 yrs",M,10236,"A1C","primary auditory cortex (core)"
551,12291,H376.XI.55,"40 yrs",M,10185,"VFC","ventrolateral prefrontal cortex"
552,12291,H376.XI.55,"40 yrs",M,10163,"M1C","primary motor cortex (area M1, area 4)"
553,12291,H376.XI.55,"40 yrs",M,10194,"OFC","orbital frontal cortex"
554,12291,H376.XI.55,"40 yrs",M,10225,"IPC","posteroventral (inferior) parietal cortex"
555,12291,H376.XI.55,"40 yrs",M,10173,"DFC","dorsolateral prefrontal cortex"
556,12291,H376.XI.55,"40 yrs",M,10269,"V1C","primary visual cortex (striate cortex, area V1/17)"
557,12291,H376.XI.55,"40 yrs",M,10333,"STR","striatum"
558,12291,H376.XI.55,"40 yrs",M,10398,"MD","mediodorsal nucleus of thalamus"
559,12291,H376.XI.55,"40 yrs",M,10252,"ITC","inferolateral temporal cortex (area TEv, area 20)"
560,12291,H376.XI.55,"40 yrs",M,10278,"MFC","anterior (rostral) cingulate (medial prefrontal) cortex"
561,12291,H376.XI.55,"40 yrs",M,10657,"CBC","cerebellar cortex"
562,12291,H376.XI.55,"40 yrs",M,10243,"STC","posterior (caudal) superior temporal cortex (area TAc)"
563,12291,H376.XI.55,"40 yrs",M,10361,"AMY","amygdaloid complex"
564,12304,H376.XI.56,"40 yrs",F,10333,"STR","striatum"
565,12304,H376.XI.56,"40 yrs",F,10252,"ITC","inferolateral temporal cortex (area TEv, area 20)"
566,12304,H376.XI.56,"40 yrs",F,10243,"STC","posterior (caudal) superior temporal cortex (area TAc)"
567,12304,H376.XI.56,"40 yrs",F,10361,"AMY","amygdaloid complex"
568,12304,H376.XI.56,"40 yrs",F,10185,"VFC","ventrolateral prefrontal cortex"
569,12304,H376.XI.56,"40 yrs",F,10163,"M1C","primary motor cortex (area M1, area 4)"
570,12304,H376.XI.56,"40 yrs",F,10194,"OFC","orbital frontal cortex"
571,12304,H376.XI.56,"40 yrs",F,10236,"A1C","primary auditory cortex (core)"
572,12304,H376.XI.56,"40 yrs",F,10173,"DFC","dorsolateral prefrontal cortex"
573,12304,H376.XI.56,"40 yrs",F,10225,"IPC","posteroventral (inferior) parietal cortex"
574,12304,H376.XI.56,"40 yrs",F,10398,"MD","mediodorsal nucleus of thalamus"
575,12304,H376.XI.56,"40 yrs",F,10269,"V1C","primary visual cortex (striate cortex, area V1/17)"
576,12304,H376.XI.56,"40 yrs",F,10657,"CBC","cerebellar cortex"
577,12304,H376.XI.56,"40 yrs",F,10294,"HIP","hippocampus (hippocampal formation)"
578,12304,H376.XI.56,"40 yrs",F,10209,"S1C","primary somatosensory cortex (area S1, areas 3,1,2)"
